[
  {
    "id": "f030028f-d902-494b-8da0-b4b969b475cf",
    "data": [
      {
        "text": "bist ",
        "userDefined": false
      },
      {
        "text": "ein",
        "meta": "@sys.ignore",
        "userDefined": false
      },
      {
        "text": " automat?",
        "userDefined": false
      }
    ],
    "isTemplate": false,
    "count": 0,
    "updated": 0
  },
  {
    "id": "b364388b-1ee1-4eaf-adf5-9d58d97ada29",
    "data": [
      {
        "text": "Blechkamerad",
        "userDefined": false
      }
    ],
    "isTemplate": false,
    "count": 0,
    "updated": 0
  },
  {
    "id": "7d5a97fa-ddba-418b-ae81-731f77ce4b53",
    "data": [
      {
        "text": "wer bist du",
        "userDefined": false
      }
    ],
    "isTemplate": false,
    "count": 0,
    "updated": 0
  },
  {
    "id": "94e8986a-276a-4d65-a73f-403aa5d8fdaa",
    "data": [
      {
        "text": "was bist du?",
        "userDefined": false
      }
    ],
    "isTemplate": false,
    "count": 0,
    "updated": 0
  },
  {
    "id": "07dcf048-daef-4e45-8d0a-c52dbcc2325f",
    "data": [
      {
        "text": "mensch?",
        "userDefined": false
      }
    ],
    "isTemplate": false,
    "count": 0,
    "updated": 0
  },
  {
    "id": "9e2b7ecd-08f8-4ece-9911-98455f8d6dc9",
    "data": [
      {
        "text": "roboter?",
        "userDefined": false
      }
    ],
    "isTemplate": false,
    "count": 0,
    "updated": 0
  },
  {
    "id": "2258aaf3-eaaf-448a-ad04-1cba7454cb9a",
    "data": [
      {
        "text": "bot?",
        "userDefined": false
      }
    ],
    "isTemplate": false,
    "count": 0,
    "updated": 0
  },
  {
    "id": "9882c793-a049-4c4b-ab83-fed364d35cb5",
    "data": [
      {
        "text": "bist du ",
        "userDefined": false
      },
      {
        "text": "echt",
        "meta": "@sys.ignore",
        "userDefined": false
      }
    ],
    "isTemplate": false,
    "count": 0,
    "updated": 0
  },
  {
    "id": "55a55f47-17e2-417a-bc25-7e3ed920aadd",
    "data": [
      {
        "text": "kannst du fühlen",
        "userDefined": false
      }
    ],
    "isTemplate": false,
    "count": 0,
    "updated": 0
  },
  {
    "id": "c94857ba-b987-44f5-bd82-2498bf583da5",
    "data": [
      {
        "text": "bist du ",
        "userDefined": false
      },
      {
        "text": "ein",
        "meta": "@sys.ignore",
        "userDefined": false
      },
      {
        "text": " roboter",
        "userDefined": false
      }
    ],
    "isTemplate": false,
    "count": 0,
    "updated": 0
  },
  {
    "id": "0c01583d-8cb4-4203-b514-bc3a1eeb918a",
    "data": [
      {
        "text": "bist du ",
        "userDefined": false
      },
      {
        "text": "eine",
        "meta": "@sys.ignore",
        "userDefined": false
      },
      {
        "text": " maschiene",
        "userDefined": false
      }
    ],
    "isTemplate": false,
    "count": 0,
    "updated": 0
  },
  {
    "id": "fbff005e-d444-41eb-aee9-a204fff69c3d",
    "data": [
      {
        "text": "hast du gefühle",
        "userDefined": false
      }
    ],
    "isTemplate": false,
    "count": 0,
    "updated": 0
  },
  {
    "id": "fec355c0-b647-4ef9-ab97-cdd2aea08c8c",
    "data": [
      {
        "text": "bist du ",
        "userDefined": false
      },
      {
        "text": "ein",
        "meta": "@sys.ignore",
        "userDefined": false
      },
      {
        "text": " mensch",
        "userDefined": false
      }
    ],
    "isTemplate": false,
    "count": 0,
    "updated": 0
  },
  {
    "id": "bc05e312-d946-4267-b25e-658260aab757",
    "data": [
      {
        "text": "bist du ",
        "userDefined": false
      },
      {
        "text": "ein",
        "meta": "@sys.ignore",
        "userDefined": false
      },
      {
        "text": " bot",
        "userDefined": false
      }
    ],
    "isTemplate": false,
    "count": 0,
    "updated": 0
  }
]