[
  {
    "id": "bcc8b1ff-05ff-4ae4-9977-1c3a54960ee7",
    "data": [
      {
        "text": "Raum ",
        "userDefined": false
      },
      {
        "text": "buchen",
        "meta": "@sys.ignore",
        "userDefined": false
      }
    ],
    "isTemplate": false,
    "count": 0,
    "updated": 0
  },
  {
    "id": "70c0bd57-8c49-4522-b1bf-2184f4aed454",
    "data": [
      {
        "text": "Ich benötige ",
        "userDefined": false
      },
      {
        "text": "einen",
        "meta": "@sys.ignore",
        "userDefined": false
      },
      {
        "text": " Konferenzraum",
        "userDefined": false
      }
    ],
    "isTemplate": false,
    "count": 0,
    "updated": 0
  },
  {
    "id": "bcdc9d71-7829-4ef4-84a1-bc456d4105f7",
    "data": [
      {
        "text": "Ich brauche ",
        "userDefined": false
      },
      {
        "text": "eine",
        "meta": "@sys.ignore",
        "userDefined": false
      },
      {
        "text": " Konferenzraum",
        "userDefined": false
      }
    ],
    "isTemplate": false,
    "count": 0,
    "updated": 0
  },
  {
    "id": "992d1547-7f99-4962-a931-01bfa0d1efe1",
    "data": [
      {
        "text": "Ich will ",
        "userDefined": false
      },
      {
        "text": "einen",
        "meta": "@sys.ignore",
        "userDefined": false
      },
      {
        "text": " Raum ",
        "userDefined": false
      },
      {
        "text": "buchen",
        "meta": "@sys.ignore",
        "userDefined": false
      }
    ],
    "isTemplate": false,
    "count": 0,
    "updated": 0
  },
  {
    "id": "e2e16270-c447-4d42-93ae-cea14fdb264d",
    "data": [
      {
        "text": "Ich brauche ",
        "userDefined": false
      },
      {
        "text": "einen",
        "meta": "@sys.ignore",
        "userDefined": false
      },
      {
        "text": " Raum",
        "userDefined": false
      }
    ],
    "isTemplate": false,
    "count": 0,
    "updated": 0
  }
]