[
  {
    "id": "29ff644a-ac06-42db-ac66-923defa6a302",
    "data": [
      {
        "text": "Willkommen",
        "userDefined": false
      }
    ],
    "isTemplate": false,
    "count": 0,
    "updated": 0
  },
  {
    "id": "dbbc2167-a0d3-417c-bf45-c16d33a12eb9",
    "data": [
      {
        "text": "Valet",
        "userDefined": false
      }
    ],
    "isTemplate": false,
    "count": 0,
    "updated": 0
  },
  {
    "id": "45097a7b-289e-47e7-b06c-b5e949862c5d",
    "data": [
      {
        "text": "Tagchen",
        "userDefined": false
      }
    ],
    "isTemplate": false,
    "count": 0,
    "updated": 0
  },
  {
    "id": "0e1ef983-0bca-4102-9b94-80bdf6809d0d",
    "data": [
      {
        "text": "Tag",
        "userDefined": false
      }
    ],
    "isTemplate": false,
    "count": 0,
    "updated": 0
  },
  {
    "id": "074f3e26-6cfa-4781-bf29-7edb52587089",
    "data": [
      {
        "text": "Tachen",
        "userDefined": false
      }
    ],
    "isTemplate": false,
    "count": 0,
    "updated": 0
  },
  {
    "id": "730dc719-8c8c-4af5-b596-7955444c6ba6",
    "data": [
      {
        "text": "Tach auch",
        "userDefined": false
      }
    ],
    "isTemplate": false,
    "count": 0,
    "updated": 0
  },
  {
    "id": "158e9922-713e-4064-be8a-4ff591685ba8",
    "data": [
      {
        "text": "Tach",
        "userDefined": false
      }
    ],
    "isTemplate": false,
    "count": 0,
    "updated": 0
  },
  {
    "id": "43f52096-d05e-4c49-b1d5-35600073763f",
    "data": [
      {
        "text": "Servus",
        "userDefined": false
      }
    ],
    "isTemplate": false,
    "count": 0,
    "updated": 0
  },
  {
    "id": "8bbc08c8-a939-40d4-b550-f4df2517a16e",
    "data": [
      {
        "text": "Salve",
        "userDefined": false
      }
    ],
    "isTemplate": false,
    "count": 0,
    "updated": 0
  },
  {
    "id": "46d61572-59b7-4093-8284-42a1bddd0587",
    "data": [
      {
        "text": "Salute",
        "userDefined": false
      }
    ],
    "isTemplate": false,
    "count": 0,
    "updated": 0
  },
  {
    "id": "ecbf59e7-1bc5-4f71-93c8-2fa9499c5313",
    "data": [
      {
        "text": "Salut",
        "userDefined": false
      }
    ],
    "isTemplate": false,
    "count": 0,
    "updated": 0
  },
  {
    "id": "1ef1f5b0-9b4a-4bde-85bc-a38038a03344",
    "data": [
      {
        "text": "Moinsen",
        "userDefined": false
      }
    ],
    "isTemplate": false,
    "count": 0,
    "updated": 0
  },
  {
    "id": "3bd6e19b-7996-43d5-bce1-5a6894c5c81e",
    "data": [
      {
        "text": "Moin Moin",
        "userDefined": false
      }
    ],
    "isTemplate": false,
    "count": 0,
    "updated": 0
  },
  {
    "id": "ef64e485-7e95-4d25-a8bb-38bfe3a40662",
    "data": [
      {
        "text": "Moin",
        "userDefined": false
      }
    ],
    "isTemplate": false,
    "count": 0,
    "updated": 0
  },
  {
    "id": "b9960f28-7bd2-45c1-adbd-2c2403ac558e",
    "data": [
      {
        "text": "Meine Liebe",
        "userDefined": false
      }
    ],
    "isTemplate": false,
    "count": 0,
    "updated": 0
  },
  {
    "id": "1660d380-add4-40d5-868f-ca0f0099fb14",
    "data": [
      {
        "text": "Mein Lieber",
        "userDefined": false
      }
    ],
    "isTemplate": false,
    "count": 0,
    "updated": 0
  },
  {
    "id": "c6e831e0-9ca9-4cbe-a55c-e33c806d03a2",
    "data": [
      {
        "text": "Mahlzeit",
        "userDefined": false
      }
    ],
    "isTemplate": false,
    "count": 0,
    "updated": 0
  },
  {
    "id": "9c8cd4d5-4108-4a5c-a695-8f0ce7cdd1d3",
    "data": [
      {
        "text": "huhu",
        "userDefined": false
      }
    ],
    "isTemplate": false,
    "count": 0,
    "updated": 0
  },
  {
    "id": "7e5f0034-9da7-4a6e-8947-4384cc1f1762",
    "data": [
      {
        "text": "Hoi",
        "userDefined": false
      }
    ],
    "isTemplate": false,
    "count": 0,
    "updated": 0
  },
  {
    "id": "aab5af98-776e-4831-83aa-36836e6b2a8f",
    "data": [
      {
        "text": "High Five",
        "userDefined": false
      }
    ],
    "isTemplate": false,
    "count": 0,
    "updated": 0
  },
  {
    "id": "5c00c14b-800a-4393-b6b0-b7ba50c8cdbb",
    "data": [
      {
        "text": "Hi",
        "userDefined": false
      }
    ],
    "isTemplate": false,
    "count": 0,
    "updated": 0
  },
  {
    "id": "92e0147b-8e2e-4e50-b531-7a27444e1866",
    "data": [
      {
        "text": "Hello",
        "userDefined": false
      }
    ],
    "isTemplate": false,
    "count": 0,
    "updated": 0
  },
  {
    "id": "84e7f493-1345-4aaf-9505-c59c4c809b56",
    "data": [
      {
        "text": "Hallöle",
        "userDefined": false
      }
    ],
    "isTemplate": false,
    "count": 0,
    "updated": 0
  },
  {
    "id": "c45f74b3-6e7d-4b4a-9c9b-96d96e14a559",
    "data": [
      {
        "text": "Hallöchen",
        "userDefined": false
      }
    ],
    "isTemplate": false,
    "count": 0,
    "updated": 0
  },
  {
    "id": "7c4c5add-4c95-4e10-a6c5-a31eb0388fcd",
    "data": [
      {
        "text": "Hallo",
        "userDefined": false
      }
    ],
    "isTemplate": false,
    "count": 1,
    "updated": 0
  },
  {
    "id": "2f7981b8-8edd-4a48-b7dd-db45b5bfbe8b",
    "data": [
      {
        "text": "Guten Tag",
        "userDefined": false
      }
    ],
    "isTemplate": false,
    "count": 0,
    "updated": 0
  },
  {
    "id": "55fc385c-bf5e-49e7-9e76-d8619a63d456",
    "data": [
      {
        "text": "Gude",
        "userDefined": false
      }
    ],
    "isTemplate": false,
    "count": 0,
    "updated": 0
  },
  {
    "id": "27d20816-b510-4c34-a114-e80e5775d344",
    "data": [
      {
        "text": "Gruß miteinander",
        "userDefined": false
      }
    ],
    "isTemplate": false,
    "count": 0,
    "updated": 0
  },
  {
    "id": "07f433e0-1b94-47a0-86e1-431202be62e4",
    "data": [
      {
        "text": "Gruß in die Runde",
        "userDefined": false
      }
    ],
    "isTemplate": false,
    "count": 0,
    "updated": 0
  },
  {
    "id": "11b14c43-b0d0-4f18-9696-8185965baa89",
    "data": [
      {
        "text": "Grüzi",
        "userDefined": false
      }
    ],
    "isTemplate": false,
    "count": 0,
    "updated": 0
  },
  {
    "id": "1d2ed2ec-444b-49d7-87b5-798f37f54762",
    "data": [
      {
        "text": "Grüß Sie",
        "userDefined": false
      }
    ],
    "isTemplate": false,
    "count": 0,
    "updated": 0
  },
  {
    "id": "66d55a67-1164-4410-8b86-571769bc0278",
    "data": [
      {
        "text": "Grüß Gott",
        "userDefined": false
      }
    ],
    "isTemplate": false,
    "count": 0,
    "updated": 0
  },
  {
    "id": "5d1a9fbb-c439-4b9b-b0ef-c275e78999fe",
    "data": [
      {
        "text": "Grüß dich",
        "userDefined": false
      }
    ],
    "isTemplate": false,
    "count": 0,
    "updated": 0
  },
  {
    "id": "e20ef617-7902-4037-8aa1-98732116c5a4",
    "data": [
      {
        "text": "Griaß euch",
        "userDefined": false
      }
    ],
    "isTemplate": false,
    "count": 0,
    "updated": 0
  },
  {
    "id": "979edc80-ad4e-4b32-a2c2-c719036d6c0a",
    "data": [
      {
        "text": "Gott zum Gruße",
        "userDefined": false
      }
    ],
    "isTemplate": false,
    "count": 0,
    "updated": 0
  },
  {
    "id": "2d19baea-4d73-48c3-8f15-d9a2fcd0948b",
    "data": [
      {
        "text": "Ciao",
        "userDefined": false
      }
    ],
    "isTemplate": false,
    "count": 0,
    "updated": 0
  },
  {
    "id": "2e12c10d-4c23-4faa-8400-619ae3fd6748",
    "data": [
      {
        "text": "Bienvendio",
        "userDefined": false
      }
    ],
    "isTemplate": false,
    "count": 0,
    "updated": 0
  },
  {
    "id": "ad904b20-3fcd-4a1a-a454-43be9e9ff2ef",
    "data": [
      {
        "text": "Alloha",
        "userDefined": false
      }
    ],
    "isTemplate": false,
    "count": 0,
    "updated": 0
  },
  {
    "id": "0039eee8-bc03-471f-8b27-4f8e5b94fcc6",
    "data": [
      {
        "text": "Allo",
        "userDefined": false
      }
    ],
    "isTemplate": false,
    "count": 0,
    "updated": 0
  },
  {
    "id": "9e42862c-6c69-47c6-82d5-a4c99a84cc20",
    "data": [
      {
        "text": "Alles Rodger?",
        "userDefined": false
      }
    ],
    "isTemplate": false,
    "count": 0,
    "updated": 0
  },
  {
    "id": "9f63e9f2-61d3-4cce-b9e5-520c887e79e9",
    "data": [
      {
        "text": "Ahoi",
        "userDefined": false
      }
    ],
    "isTemplate": false,
    "count": 1,
    "updated": 0
  },
  {
    "id": "864213ad-9e7a-4323-85a9-ac937c3afb42",
    "data": [
      {
        "text": "hey bot",
        "userDefined": false
      }
    ],
    "isTemplate": false,
    "count": 0,
    "updated": 0
  },
  {
    "id": "e8541ec5-283f-411a-9fcf-823bc206c590",
    "data": [
      {
        "text": "Hi bot",
        "userDefined": false
      }
    ],
    "isTemplate": false,
    "count": 0,
    "updated": 0
  },
  {
    "id": "00c05fda-e489-49fd-bfb9-ff304852b364",
    "data": [
      {
        "text": "Bist du da",
        "userDefined": false
      }
    ],
    "isTemplate": false,
    "count": 0,
    "updated": 0
  },
  {
    "id": "bdd3bda8-ba74-4d46-9058-012f64035c86",
    "data": [
      {
        "text": "Hallo Bot",
        "userDefined": false
      }
    ],
    "isTemplate": false,
    "count": 0,
    "updated": 0
  },
  {
    "id": "9ec93e62-f30e-447a-9bb8-2dda5d75cb83",
    "data": [
      {
        "text": "Sup",
        "userDefined": false
      }
    ],
    "isTemplate": false,
    "count": 1,
    "updated": 0
  },
  {
    "id": "19b0a11d-6410-454c-b5e3-a8b035d4812e",
    "data": [
      {
        "text": "Hey",
        "userDefined": false
      }
    ],
    "isTemplate": false,
    "count": 0,
    "updated": 0
  }
]