[
  {
    "id": "578fc055-2ba5-4179-ad15-f18e67021206",
    "data": [
      {
        "text": "Wir sehen uns",
        "userDefined": false
      }
    ],
    "isTemplate": false,
    "count": 0,
    "updated": 0
  },
  {
    "id": "7e8b2938-021b-4f75-a72d-973eb8e37d48",
    "data": [
      {
        "text": "tschüs",
        "userDefined": false
      }
    ],
    "isTemplate": false,
    "count": 1,
    "updated": 0
  },
  {
    "id": "f258f4fd-50a8-4cfb-8da6-218b141a7dbb",
    "data": [
      {
        "text": "tschüss",
        "userDefined": false
      }
    ],
    "isTemplate": false,
    "count": 1,
    "updated": 0
  },
  {
    "id": "522fa647-6d3f-4754-80a7-ce59ff690a7c",
    "data": [
      {
        "text": "Tschö",
        "userDefined": false
      }
    ],
    "isTemplate": false,
    "count": 0,
    "updated": 0
  },
  {
    "id": "b8da078c-75dd-4c36-97f1-fbb3422f7540",
    "data": [
      {
        "text": "Salü",
        "userDefined": false
      }
    ],
    "isTemplate": false,
    "count": 0,
    "updated": 0
  },
  {
    "id": "ba175589-c809-4194-a360-033edadd3dd3",
    "data": [
      {
        "text": "Mach\u0027s gut",
        "userDefined": false
      }
    ],
    "isTemplate": false,
    "count": 0,
    "updated": 0
  },
  {
    "id": "fb37f3bd-38bd-4690-9008-090514a478a4",
    "data": [
      {
        "text": "bye",
        "userDefined": false
      }
    ],
    "isTemplate": false,
    "count": 0,
    "updated": 0
  },
  {
    "id": "87faf8ef-c125-4034-baa1-d7ec7fb5a699",
    "data": [
      {
        "text": "Bis dann",
        "userDefined": false
      }
    ],
    "isTemplate": false,
    "count": 0,
    "updated": 0
  },
  {
    "id": "3ed216bc-7c72-493c-9e9c-ede92a261333",
    "data": [
      {
        "text": "bis bald",
        "userDefined": false
      }
    ],
    "isTemplate": false,
    "count": 0,
    "updated": 0
  },
  {
    "id": "eca6e204-fefd-4216-98e6-53eda5aa972a",
    "data": [
      {
        "text": "Auf bald",
        "userDefined": false
      }
    ],
    "isTemplate": false,
    "count": 0,
    "updated": 0
  },
  {
    "id": "a6ab530b-e15c-4501-a452-691ac502ade4",
    "data": [
      {
        "text": "Auf Wiedersehen",
        "userDefined": false
      }
    ],
    "isTemplate": false,
    "count": 0,
    "updated": 0
  },
  {
    "id": "0f046df6-3376-43dd-ada6-3db1653ebc5e",
    "data": [
      {
        "text": "Adieu",
        "userDefined": false
      }
    ],
    "isTemplate": false,
    "count": 0,
    "updated": 0
  },
  {
    "id": "901abae5-c971-4dd1-90c4-820dcb53c836",
    "data": [
      {
        "text": "Ade",
        "userDefined": false
      }
    ],
    "isTemplate": false,
    "count": 1,
    "updated": 0
  },
  {
    "id": "05742a49-8297-49ae-973c-b0279fb69cdf",
    "data": [
      {
        "text": "servas",
        "userDefined": false
      }
    ],
    "isTemplate": false,
    "count": 0,
    "updated": 0
  },
  {
    "id": "0aec8459-dc6f-49f7-a198-678a283cf173",
    "data": [
      {
        "text": "tschau",
        "userDefined": false
      }
    ],
    "isTemplate": false,
    "count": 0,
    "updated": 0
  }
]