[
  {
    "id": "6c109a08-4571-4cf6-b553-37b6da757765",
    "data": [
      {
        "text": " Wie läuft\u0027s bei dir?",
        "userDefined": false
      }
    ],
    "isTemplate": false,
    "count": 0,
    "updated": 0
  },
  {
    "id": "61b51ff6-7bae-43d0-ada1-e285079cc6a3",
    "data": [
      {
        "text": "Alles klar bei dir?",
        "userDefined": false
      }
    ],
    "isTemplate": false,
    "count": 0,
    "updated": 0
  },
  {
    "id": "bdd95eca-26f1-42d3-8acf-33cdf595eaec",
    "data": [
      {
        "text": "Alles klar?",
        "userDefined": false
      }
    ],
    "isTemplate": false,
    "count": 0,
    "updated": 0
  },
  {
    "id": "a3df6cd4-cfd6-4272-a050-a2c265fbd521",
    "data": [
      {
        "text": "Wie läuft\u0027s?",
        "userDefined": false
      }
    ],
    "isTemplate": false,
    "count": 0,
    "updated": 0
  },
  {
    "id": "b3d3c542-7626-4ffe-ba16-d943b09c6883",
    "data": [
      {
        "text": "Wie läuft es denn so?",
        "userDefined": false
      }
    ],
    "isTemplate": false,
    "count": 0,
    "updated": 0
  },
  {
    "id": "9ea75847-6268-4498-af33-88b49a6eec1a",
    "data": [
      {
        "text": "Was geht?",
        "userDefined": false
      }
    ],
    "isTemplate": false,
    "count": 0,
    "updated": 0
  },
  {
    "id": "72b41356-cf95-4f20-95b3-a8bacc43c9a7",
    "data": [
      {
        "text": "Alles fit?",
        "userDefined": false
      }
    ],
    "isTemplate": false,
    "count": 0,
    "updated": 0
  },
  {
    "id": "9303697b-a2e1-43aa-8cca-d7160db0ea52",
    "data": [
      {
        "text": "Alles im Lack?",
        "userDefined": false
      }
    ],
    "isTemplate": false,
    "count": 0,
    "updated": 0
  },
  {
    "id": "2ba55b8a-1800-4e89-81a1-ac7b378aaa8a",
    "data": [
      {
        "text": "Was geht digga?",
        "userDefined": false
      }
    ],
    "isTemplate": false,
    "count": 0,
    "updated": 0
  },
  {
    "id": "ed490791-1c68-4dd0-8ef0-b95e3c7499c7",
    "data": [
      {
        "text": "Wie stehen die Aktien?",
        "userDefined": false
      }
    ],
    "isTemplate": false,
    "count": 0,
    "updated": 0
  },
  {
    "id": "82451538-6d50-44b6-a348-0e3958751084",
    "data": [
      {
        "text": "wie bist du drauf",
        "userDefined": false
      }
    ],
    "isTemplate": false,
    "count": 0,
    "updated": 0
  },
  {
    "id": "115cbdb5-c708-430a-a963-e308ddfc601d",
    "data": [
      {
        "text": "bist du gut gelaunt",
        "userDefined": false
      }
    ],
    "isTemplate": false,
    "count": 0,
    "updated": 0
  },
  {
    "id": "a5500b12-2ee3-430d-a854-583a5e035a0d",
    "data": [
      {
        "text": "gehts dir gut",
        "userDefined": false
      }
    ],
    "isTemplate": false,
    "count": 0,
    "updated": 0
  },
  {
    "id": "6a91d929-ec5b-4c88-b6f6-bf5eb111b62a",
    "data": [
      {
        "text": "was geht ab",
        "userDefined": false
      }
    ],
    "isTemplate": false,
    "count": 0,
    "updated": 0
  },
  {
    "id": "15dd719c-b4e0-4453-9a6b-93828a894864",
    "data": [
      {
        "text": "was ist los",
        "userDefined": false
      }
    ],
    "isTemplate": false,
    "count": 0,
    "updated": 0
  },
  {
    "id": "d1824d54-8727-4c36-b81c-bfbd4ea2b797",
    "data": [
      {
        "text": "wie gehts dir",
        "userDefined": false
      }
    ],
    "isTemplate": false,
    "count": 0,
    "updated": 0
  },
  {
    "id": "d628bb4a-10cf-4e14-b6e5-f33672b30a49",
    "data": [
      {
        "text": "wie geht es dir",
        "userDefined": false
      }
    ],
    "isTemplate": false,
    "count": 0,
    "updated": 0
  }
]