[
  {
    "id": "42312b8b-3475-413c-a8bf-544bfa13cb41",
    "data": [
      {
        "text": "welche aktionen kannst du ausführen",
        "userDefined": false
      }
    ],
    "isTemplate": false,
    "count": 0,
    "updated": 0
  },
  {
    "id": "335faf71-5653-46c8-b8dd-81eca9249a02",
    "data": [
      {
        "text": "was machst du",
        "userDefined": false
      }
    ],
    "isTemplate": false,
    "count": 0,
    "updated": 0
  },
  {
    "id": "adff440e-855b-4690-8017-63a1bbd4a090",
    "data": [
      {
        "text": "welche optionen habe ich",
        "userDefined": false
      }
    ],
    "isTemplate": false,
    "count": 0,
    "updated": 0
  },
  {
    "id": "6dc4fbd1-5833-453f-9a50-bded26a88940",
    "data": [
      {
        "text": "wie kannst du mir helfen",
        "userDefined": false
      }
    ],
    "isTemplate": false,
    "count": 0,
    "updated": 0
  },
  {
    "id": "b56fd5e6-31d6-4d18-a88d-6b3dc5727464",
    "data": [
      {
        "text": "was kannst du machen",
        "userDefined": false
      }
    ],
    "isTemplate": false,
    "count": 0,
    "updated": 0
  },
  {
    "id": "07c2d510-a4bc-4076-8472-885699974608",
    "data": [
      {
        "text": "Was kann ich machen",
        "userDefined": false
      }
    ],
    "isTemplate": false,
    "count": 0,
    "updated": 0
  },
  {
    "id": "3e676095-54dd-43a5-89ce-dfe70dc9e5be",
    "data": [
      {
        "text": "Was kannst du?",
        "userDefined": false
      }
    ],
    "isTemplate": false,
    "count": 0,
    "updated": 0
  }
]