[
  {
    "id": "42f2ad44-7cc0-4bea-b075-cc9b8ea40f51",
    "data": [
      {
        "text": "Was ist die Antwort auf den Sinn des Lebens",
        "userDefined": false
      }
    ],
    "isTemplate": false,
    "count": 0,
    "updated": 0
  },
  {
    "id": "926f5817-3462-4610-8d44-4da0edb7ce48",
    "data": [
      {
        "text": "Was ist die Antwort auf alles",
        "userDefined": false
      }
    ],
    "isTemplate": false,
    "count": 1,
    "updated": 0
  },
  {
    "id": "d2dbad37-b8f5-4718-998c-1714715d629f",
    "data": [
      {
        "text": "Warum leben wir",
        "userDefined": false
      }
    ],
    "isTemplate": false,
    "count": 0,
    "updated": 0
  },
  {
    "id": "a00e4310-b3b7-455d-96ed-96d3589f3d8e",
    "data": [
      {
        "text": "Was ist der Sinn des Lebens",
        "userDefined": false
      }
    ],
    "isTemplate": false,
    "count": 0,
    "updated": 0
  }
]