[
  {
    "id": "39126c91-57ad-48f4-8c49-517ca3d7b8d0",
    "data": [
      {
        "text": "Übelkeit",
        "userDefined": false
      }
    ],
    "isTemplate": false,
    "count": 0,
    "updated": 0
  },
  {
    "id": "09629e50-9836-4b2d-ad0e-ce2e118e531b",
    "data": [
      {
        "text": "übel",
        "userDefined": false
      }
    ],
    "isTemplate": false,
    "count": 0,
    "updated": 0
  },
  {
    "id": "bee108b5-ee37-4463-b3ae-2b7fc70744e5",
    "data": [
      {
        "text": "grippe",
        "userDefined": false
      }
    ],
    "isTemplate": false,
    "count": 0,
    "updated": 0
  },
  {
    "id": "edbd6c5a-61a0-4be7-8c35-2830f9842073",
    "data": [
      {
        "text": "durchfall",
        "userDefined": false
      }
    ],
    "isTemplate": false,
    "count": 0,
    "updated": 0
  },
  {
    "id": "0684503f-198f-4f10-8752-b6dcdb56d545",
    "data": [
      {
        "text": "dienstunfähig",
        "userDefined": false
      }
    ],
    "isTemplate": false,
    "count": 0,
    "updated": 0
  },
  {
    "id": "a31fef4c-a158-45ce-b500-08aa9df8cc22",
    "data": [
      {
        "text": "arbeitsunfähig",
        "userDefined": false
      }
    ],
    "isTemplate": false,
    "count": 0,
    "updated": 0
  },
  {
    "id": "7aaf349d-e5ab-47de-a1f8-7b59d5abda8c",
    "data": [
      {
        "text": "verschnupft",
        "userDefined": false
      }
    ],
    "isTemplate": false,
    "count": 0,
    "updated": 0
  },
  {
    "id": "2ea1ac03-ac4c-46ec-b4f3-92cb15b84cc4",
    "data": [
      {
        "text": "erkältet",
        "userDefined": false
      }
    ],
    "isTemplate": false,
    "count": 0,
    "updated": 0
  },
  {
    "id": "45df54c7-7fa4-413a-ba5d-51970deb431d",
    "data": [
      {
        "text": "unpässlich",
        "userDefined": false
      }
    ],
    "isTemplate": false,
    "count": 0,
    "updated": 0
  },
  {
    "id": "b10d825f-be27-46e2-bb9d-996664d10df1",
    "data": [
      {
        "text": "unwohl",
        "userDefined": false
      }
    ],
    "isTemplate": false,
    "count": 0,
    "updated": 0
  },
  {
    "id": "50a6abe7-7535-4d27-a7ff-9f1c5344caa6",
    "data": [
      {
        "text": "bettlägerig",
        "userDefined": false
      }
    ],
    "isTemplate": false,
    "count": 0,
    "updated": 0
  },
  {
    "id": "265c6f16-4192-495e-8b8e-bc51f5086894",
    "data": [
      {
        "text": "kränklich",
        "userDefined": false
      }
    ],
    "isTemplate": false,
    "count": 0,
    "updated": 0
  },
  {
    "id": "3da4cda7-fb5f-485b-8507-68fa68bf51f0",
    "data": [
      {
        "text": "leidend",
        "userDefined": false
      }
    ],
    "isTemplate": false,
    "count": 0,
    "updated": 0
  },
  {
    "id": "65052338-e3fd-4fb7-aa37-20676f41b656",
    "data": [
      {
        "text": "angeschlagen",
        "userDefined": false
      }
    ],
    "isTemplate": false,
    "count": 0,
    "updated": 0
  },
  {
    "id": "01577206-fede-40d2-b46d-77cb16e31f54",
    "data": [
      {
        "text": "elend",
        "userDefined": false
      }
    ],
    "isTemplate": false,
    "count": 0,
    "updated": 0
  },
  {
    "id": "117b7d51-f646-4cf7-90fc-059d3e1757b9",
    "data": [
      {
        "text": "schlecht",
        "userDefined": false
      }
    ],
    "isTemplate": false,
    "count": 0,
    "updated": 0
  },
  {
    "id": "c94b3ab0-a779-4577-979a-5e95ce438d09",
    "data": [
      {
        "text": "krankmeldungsch",
        "userDefined": false
      }
    ],
    "isTemplate": false,
    "count": 0,
    "updated": 0
  },
  {
    "id": "070b6404-b322-4022-80a5-c2da58b7e0e9",
    "data": [
      {
        "text": "nochmal krank",
        "userDefined": false
      }
    ],
    "isTemplate": false,
    "count": 0,
    "updated": 0
  },
  {
    "id": "3b06c06d-80f3-497e-8b95-2978b6b02760",
    "data": [
      {
        "text": "noch einmal krank",
        "userDefined": false
      }
    ],
    "isTemplate": false,
    "count": 0,
    "updated": 0
  },
  {
    "id": "28a4391d-0341-4d84-8420-01e28170a66f",
    "data": [
      {
        "text": "krankmeldung wiederholen",
        "userDefined": false
      }
    ],
    "isTemplate": false,
    "count": 0,
    "updated": 0
  },
  {
    "id": "5dd5751d-5af6-4295-869b-c4fa445d2727",
    "data": [
      {
        "text": "nochmal krank melden",
        "userDefined": false
      }
    ],
    "isTemplate": false,
    "count": 1,
    "updated": 0
  },
  {
    "id": "486cf3fe-533e-4ab6-9234-9e5c70b6b050",
    "data": [
      {
        "text": "ich muss mich ",
        "userDefined": false
      },
      {
        "text": "heute",
        "meta": "@sys.ignore",
        "userDefined": false
      },
      {
        "text": " krank melden",
        "userDefined": false
      }
    ],
    "isTemplate": false,
    "count": 0,
    "updated": 0
  },
  {
    "id": "70b7f613-ad21-48ee-85c8-dba8b2b078aa",
    "data": [
      {
        "text": "krank sein",
        "userDefined": false
      }
    ],
    "isTemplate": false,
    "count": 0,
    "updated": 0
  },
  {
    "id": "7d4548ba-2d0e-4795-84e8-eedf567eb9d3",
    "data": [
      {
        "text": "ich sein krank",
        "userDefined": false
      }
    ],
    "isTemplate": false,
    "count": 0,
    "updated": 0
  },
  {
    "id": "95258e5e-1482-4f91-97dc-3d8e506fff7c",
    "data": [
      {
        "text": "ich bin krank, kannst du mir helfen?",
        "userDefined": false
      }
    ],
    "isTemplate": false,
    "count": 0,
    "updated": 0
  },
  {
    "id": "5afc58f3-0079-4f11-99b3-ec2e10ab7570",
    "data": [
      {
        "text": "krank",
        "userDefined": false
      }
    ],
    "isTemplate": false,
    "count": 0,
    "updated": 0
  },
  {
    "id": "019c4890-e465-406f-b0a6-e31853d3e01a",
    "data": [
      {
        "text": "krankmelden",
        "userDefined": false
      }
    ],
    "isTemplate": false,
    "count": 0,
    "updated": 0
  },
  {
    "id": "73f649f4-f773-43ef-b4d6-a7497c91bc05",
    "data": [
      {
        "text": "Hi, ich bin krank. kannst du mir helfen?",
        "userDefined": false
      }
    ],
    "isTemplate": false,
    "count": 0,
    "updated": 0
  },
  {
    "id": "49335506-bb67-4cc1-9cf5-36c1acce5784",
    "data": [
      {
        "text": "Ich kann ",
        "userDefined": false
      },
      {
        "text": "heute",
        "meta": "@sys.ignore",
        "userDefined": false
      },
      {
        "text": " nicht zur Arbeit gehen",
        "userDefined": false
      }
    ],
    "isTemplate": false,
    "count": 0,
    "updated": 0
  },
  {
    "id": "77c249e8-f18c-40c4-9124-47738a83df7b",
    "data": [
      {
        "text": "Heute",
        "meta": "@sys.ignore",
        "userDefined": false
      },
      {
        "text": " bin ich krank",
        "userDefined": false
      }
    ],
    "isTemplate": false,
    "count": 0,
    "updated": 0
  },
  {
    "id": "3e71b25e-75b6-400d-90c1-5ea4eeb16957",
    "data": [
      {
        "text": "Heute",
        "meta": "@sys.ignore",
        "userDefined": false
      },
      {
        "text": " bin ich nicht da",
        "userDefined": false
      }
    ],
    "isTemplate": false,
    "count": 0,
    "updated": 0
  },
  {
    "id": "1d1dab4b-eba9-47e4-8c7e-575c24b3c46a",
    "data": [
      {
        "text": "Ich komme ",
        "userDefined": false
      },
      {
        "text": "heute",
        "meta": "@sys.ignore",
        "userDefined": false
      },
      {
        "text": " nicht zur Arbeit",
        "userDefined": false
      }
    ],
    "isTemplate": false,
    "count": 0,
    "updated": 0
  },
  {
    "id": "93dfe65b-0b1b-48bd-b95c-75844385657a",
    "data": [
      {
        "text": "Ich komme ",
        "userDefined": false
      },
      {
        "text": "heute",
        "meta": "@sys.ignore",
        "userDefined": false
      },
      {
        "text": " nicht",
        "userDefined": false
      }
    ],
    "isTemplate": false,
    "count": 0,
    "updated": 0
  },
  {
    "id": "0bf315c0-074e-4ab9-9f21-541ca7f7ea62",
    "data": [
      {
        "text": "Ich habe Kopfschmerzen",
        "userDefined": false
      }
    ],
    "isTemplate": false,
    "count": 0,
    "updated": 0
  },
  {
    "id": "34baf044-780e-44ae-920c-2d35345cafd8",
    "data": [
      {
        "text": "Ich bin heute unpässlich",
        "userDefined": false
      }
    ],
    "isTemplate": false,
    "count": 0,
    "updated": 0
  },
  {
    "id": "2b4a9475-d0e9-4018-a83d-1f2bb1089a2e",
    "data": [
      {
        "text": "Mir ist furchtbar übel",
        "userDefined": false
      }
    ],
    "isTemplate": false,
    "count": 0,
    "updated": 0
  },
  {
    "id": "26ad2efa-0f97-4a0f-b288-0903dca5e268",
    "data": [
      {
        "text": "Ich fühle mich nicht besonders",
        "userDefined": false
      }
    ],
    "isTemplate": false,
    "count": 0,
    "updated": 0
  },
  {
    "id": "237443c1-8f5e-4e5e-98fa-f662e9d18368",
    "data": [
      {
        "text": "Mir geht es nicht gut",
        "userDefined": false
      }
    ],
    "isTemplate": false,
    "count": 0,
    "updated": 0
  },
  {
    "id": "d5e1d858-280f-46b2-bcd4-92324cdd244c",
    "data": [
      {
        "text": "Ich bin krank",
        "userDefined": false
      }
    ],
    "isTemplate": false,
    "count": 0,
    "updated": 0
  }
]