[
  {
    "id": "1b4cd45f-a2f5-4094-9125-daf0e391c21d",
    "data": [
      {
        "text": "stornieren",
        "userDefined": false
      }
    ],
    "isTemplate": false,
    "count": 0,
    "updated": 0
  },
  {
    "id": "f7d79d31-367e-489e-93d4-430395f8e4cb",
    "data": [
      {
        "text": "lass es bleiben",
        "userDefined": false
      }
    ],
    "isTemplate": false,
    "count": 0,
    "updated": 0
  },
  {
    "id": "8232ec7c-dd56-4da0-b0e1-7658184f064c",
    "data": [
      {
        "text": "bleiben lassen",
        "userDefined": false
      }
    ],
    "isTemplate": false,
    "count": 0,
    "updated": 0
  },
  {
    "id": "f16efece-0644-4f6a-ab28-23ae698b9531",
    "data": [
      {
        "text": "hör auf",
        "userDefined": false
      }
    ],
    "isTemplate": false,
    "count": 0,
    "updated": 0
  },
  {
    "id": "2bbfad95-2838-4480-9c79-53a368a3a5b5",
    "data": [
      {
        "text": "nicht weitermachen",
        "userDefined": false
      }
    ],
    "isTemplate": false,
    "count": 0,
    "updated": 0
  },
  {
    "id": "6448f53e-b77c-4895-a515-ad3d352c6bb7",
    "data": [
      {
        "text": "terminieren",
        "userDefined": false
      }
    ],
    "isTemplate": false,
    "count": 0,
    "updated": 0
  },
  {
    "id": "7e86021a-98a1-4229-8654-491c7c426d0d",
    "data": [
      {
        "text": "schließen",
        "userDefined": false
      }
    ],
    "isTemplate": false,
    "count": 0,
    "updated": 0
  },
  {
    "id": "58f5a69d-421a-4df9-a5c1-d3bae5b73015",
    "data": [
      {
        "text": "abbruch",
        "userDefined": false
      }
    ],
    "isTemplate": false,
    "count": 0,
    "updated": 0
  },
  {
    "id": "410035db-9b2b-407e-b188-323131fd533b",
    "data": [
      {
        "text": "ende",
        "userDefined": false
      }
    ],
    "isTemplate": false,
    "count": 0,
    "updated": 0
  },
  {
    "id": "990f40f6-a405-42e2-8f0c-8aefbccc0f4d",
    "data": [
      {
        "text": "aufhören",
        "userDefined": false
      }
    ],
    "isTemplate": false,
    "count": 0,
    "updated": 0
  },
  {
    "id": "4319e774-966b-4176-a481-3d7c6eeb5768",
    "data": [
      {
        "text": "abbrechen",
        "userDefined": false
      }
    ],
    "isTemplate": false,
    "count": 0,
    "updated": 0
  },
  {
    "id": "3c514bd9-f05a-4df5-837c-d090f817ebf2",
    "data": [
      {
        "text": "beenden",
        "userDefined": false
      }
    ],
    "isTemplate": false,
    "count": 0,
    "updated": 0
  },
  {
    "id": "329fc33f-7531-46a1-9cc4-40d207f4ddcf",
    "data": [
      {
        "text": "stopp",
        "userDefined": false
      }
    ],
    "isTemplate": false,
    "count": 0,
    "updated": 0
  },
  {
    "id": "9a062314-c2b0-461c-a671-2762a9e37d8b",
    "data": [
      {
        "text": "stop",
        "userDefined": false
      }
    ],
    "isTemplate": false,
    "count": 0,
    "updated": 0
  }
]