[
  {
    "id": "45253e06-a2ec-4760-91fa-87839232ffeb",
    "data": [
      {
        "text": "toll",
        "userDefined": false
      }
    ],
    "isTemplate": false,
    "count": 0,
    "updated": 0
  },
  {
    "id": "0f373a88-381e-4496-a00f-a66012b44980",
    "data": [
      {
        "text": "ganz ok",
        "userDefined": false
      }
    ],
    "isTemplate": false,
    "count": 0,
    "updated": 0
  },
  {
    "id": "25a42726-de6b-4ffe-94c0-9197b7caf924",
    "data": [
      {
        "text": "ganz gut",
        "userDefined": false
      }
    ],
    "isTemplate": false,
    "count": 0,
    "updated": 0
  },
  {
    "id": "3256be2a-39dc-4c72-8297-718bf2f20079",
    "data": [
      {
        "text": "gut",
        "userDefined": false
      }
    ],
    "isTemplate": false,
    "count": 0,
    "updated": 0
  },
  {
    "id": "7cd598cb-deae-4d8e-b31e-526dd857e15c",
    "data": [
      {
        "text": "super gut",
        "userDefined": false
      }
    ],
    "isTemplate": false,
    "count": 0,
    "updated": 0
  },
  {
    "id": "6cff3de4-540a-46ea-b268-4fb1a5871a2c",
    "data": [
      {
        "text": "mega",
        "userDefined": false
      }
    ],
    "isTemplate": false,
    "count": 0,
    "updated": 0
  },
  {
    "id": "84d49241-a5ee-4d2c-8b5c-960906a9bed5",
    "data": [
      {
        "text": "spitze",
        "userDefined": false
      }
    ],
    "isTemplate": false,
    "count": 0,
    "updated": 0
  },
  {
    "id": "9648d2d1-ae34-42c2-aa25-a1d16c820b01",
    "data": [
      {
        "text": "super",
        "userDefined": false
      }
    ],
    "isTemplate": false,
    "count": 0,
    "updated": 0
  },
  {
    "id": "6126b153-46ff-4a78-8192-52a0678941b9",
    "data": [
      {
        "text": "nicht gut",
        "userDefined": false
      }
    ],
    "isTemplate": false,
    "count": 0,
    "updated": 0
  },
  {
    "id": "86b4b678-7092-4214-9803-4341e78383f4",
    "data": [
      {
        "text": "nicht ",
        "userDefined": false
      },
      {
        "text": "so",
        "meta": "@sys.ignore",
        "userDefined": false
      },
      {
        "text": " gut",
        "userDefined": false
      }
    ],
    "isTemplate": false,
    "count": 1,
    "updated": 0
  },
  {
    "id": "f5f63e3d-f8f6-40e6-908d-cd7a8a6b17a1",
    "data": [
      {
        "text": "passt schon",
        "userDefined": false
      }
    ],
    "isTemplate": false,
    "count": 0,
    "updated": 0
  },
  {
    "id": "a3da539d-e50a-407a-9acf-136adb5ad081",
    "data": [
      {
        "text": "OK",
        "userDefined": false
      }
    ],
    "isTemplate": false,
    "count": 1,
    "updated": 0
  },
  {
    "id": "1b600dfb-5aaf-4ece-809a-c762f1629f37",
    "data": [
      {
        "text": "ich bin gut drauf",
        "userDefined": false
      }
    ],
    "isTemplate": false,
    "count": 0,
    "updated": 0
  },
  {
    "id": "17927470-fca1-47f3-bd4f-d4f0d1949c80",
    "data": [
      {
        "text": "mir gehts gut",
        "userDefined": false
      }
    ],
    "isTemplate": false,
    "count": 0,
    "updated": 0
  }
]