[
  {
    "id": "817d4cbe-29be-4369-b8ce-858c259918d5",
    "data": [
      {
        "text": "vergelt\u0027s Gott",
        "userDefined": false
      }
    ],
    "isTemplate": false,
    "count": 0,
    "updated": 0
  },
  {
    "id": "a46b3f7d-dcf4-40b0-8ba5-7fe9eeb6d173",
    "data": [
      {
        "text": "verbindlichsten Dank",
        "userDefined": false
      }
    ],
    "isTemplate": false,
    "count": 0,
    "updated": 0
  },
  {
    "id": "25c70197-75f8-466c-8a70-b5f46dbef6f9",
    "data": [
      {
        "text": "merci",
        "userDefined": false
      }
    ],
    "isTemplate": false,
    "count": 0,
    "updated": 0
  },
  {
    "id": "5f191ef7-540d-488c-8ec5-6a68d2923a5d",
    "data": [
      {
        "text": "man dankt",
        "userDefined": false
      }
    ],
    "isTemplate": false,
    "count": 0,
    "updated": 0
  },
  {
    "id": "3853c21b-5c80-417f-9ef6-07b28db6f7e4",
    "data": [
      {
        "text": "lieben Dank",
        "userDefined": false
      }
    ],
    "isTemplate": false,
    "count": 0,
    "updated": 0
  },
  {
    "id": "f4602dc2-1a07-4a1e-8ccc-3b8078b76d66",
    "data": [
      {
        "text": "herzlichen Dank",
        "userDefined": false
      }
    ],
    "isTemplate": false,
    "count": 0,
    "updated": 0
  },
  {
    "id": "2eb2954e-dfea-4713-9684-055bf67cf1fa",
    "data": [
      {
        "text": "Gott vergelt\u0027s",
        "userDefined": false
      }
    ],
    "isTemplate": false,
    "count": 0,
    "updated": 0
  },
  {
    "id": "65fe4f9c-f351-4362-ae6a-e050b013f9ca",
    "data": [
      {
        "text": "besten Dank",
        "userDefined": false
      }
    ],
    "isTemplate": false,
    "count": 0,
    "updated": 0
  },
  {
    "id": "1ed8f91d-f9c5-4138-94dc-3cbba55cef8a",
    "data": [
      {
        "text": "wir haben zu danken",
        "userDefined": false
      }
    ],
    "isTemplate": false,
    "count": 0,
    "updated": 0
  },
  {
    "id": "7c7d56b5-89e5-40be-a5fb-edf14846daa8",
    "data": [
      {
        "text": "vielen lieben Dank",
        "userDefined": false
      }
    ],
    "isTemplate": false,
    "count": 0,
    "updated": 0
  },
  {
    "id": "c28dd6e1-80e1-4540-9fb3-4bc5982ad26d",
    "data": [
      {
        "text": "vielen dank",
        "userDefined": false
      }
    ],
    "isTemplate": false,
    "count": 0,
    "updated": 0
  },
  {
    "id": "72fc90dc-9fda-4600-8b0f-91526fe3174a",
    "data": [
      {
        "text": "ich habe zu danken",
        "userDefined": false
      }
    ],
    "isTemplate": false,
    "count": 0,
    "updated": 0
  },
  {
    "id": "547d2dc1-cb8f-4494-9b13-6cda0e9aed69",
    "data": [
      {
        "text": "danke vielmals",
        "userDefined": false
      }
    ],
    "isTemplate": false,
    "count": 0,
    "updated": 0
  },
  {
    "id": "f8be97dc-1524-43a4-89be-ed06f694d745",
    "data": [
      {
        "text": "danke sehr",
        "userDefined": false
      }
    ],
    "isTemplate": false,
    "count": 0,
    "updated": 0
  },
  {
    "id": "472f5a1b-cb62-405e-a134-34d1fa8f35b2",
    "data": [
      {
        "text": "danke schön",
        "userDefined": false
      }
    ],
    "isTemplate": false,
    "count": 0,
    "updated": 0
  },
  {
    "id": "4ed050ad-abb0-41a7-81cb-b54592871d03",
    "data": [
      {
        "text": "danke Ihnen!",
        "userDefined": false
      }
    ],
    "isTemplate": false,
    "count": 0,
    "updated": 0
  },
  {
    "id": "15e49a67-5db6-4066-ae88-1dc9e98162cc",
    "data": [
      {
        "text": "danke dir!",
        "userDefined": false
      }
    ],
    "isTemplate": false,
    "count": 0,
    "updated": 0
  },
  {
    "id": "4abc739b-9694-4b6f-9814-e2b54e5bcd7b",
    "data": [
      {
        "text": "danke, du warst ziemlich hilfreich",
        "userDefined": false
      }
    ],
    "isTemplate": false,
    "count": 0,
    "updated": 0
  },
  {
    "id": "c8792433-cde2-47d8-a9a9-918c88f2b0bd",
    "data": [
      {
        "text": "wunderbar",
        "userDefined": false
      }
    ],
    "isTemplate": false,
    "count": 0,
    "updated": 0
  },
  {
    "id": "a5397d93-8c1c-4183-abdf-85acb753dc09",
    "data": [
      {
        "text": "perfekt",
        "userDefined": false
      }
    ],
    "isTemplate": false,
    "count": 1,
    "updated": 0
  },
  {
    "id": "9300a6b3-795e-4aed-816f-b62aed2ac8e1",
    "data": [
      {
        "text": "K THX",
        "userDefined": false
      }
    ],
    "isTemplate": false,
    "count": 0,
    "updated": 0
  },
  {
    "id": "93e50e79-650c-4b7b-8e91-9db0e1f8aedb",
    "data": [
      {
        "text": "thx",
        "userDefined": false
      }
    ],
    "isTemplate": false,
    "count": 0,
    "updated": 0
  },
  {
    "id": "0d2159b5-9910-410d-9ee4-2715b906ed77",
    "data": [
      {
        "text": "danke",
        "userDefined": false
      }
    ],
    "isTemplate": false,
    "count": 0,
    "updated": 0
  }
]