[
  {
    "id": "caa199bb-d56a-42d5-86ee-8fd9c7614b1b",
    "data": [
      {
        "text": "Urlaub nehmen",
        "userDefined": false
      }
    ],
    "isTemplate": false,
    "count": 0,
    "updated": 0
  },
  {
    "id": "5cc02ea8-88b1-46a9-a4f5-5f05e5e40a84",
    "data": [
      {
        "text": "Urlaub ",
        "userDefined": false
      },
      {
        "text": "buchen",
        "meta": "@sys.ignore",
        "userDefined": false
      }
    ],
    "isTemplate": false,
    "count": 0,
    "updated": 0
  },
  {
    "id": "dd1c1dcb-0ea3-444f-a133-c600a57b320f",
    "data": [
      {
        "text": "Ich will Urlaub",
        "userDefined": false
      }
    ],
    "isTemplate": false,
    "count": 0,
    "updated": 0
  },
  {
    "id": "12fa128a-9654-4fa2-b0bc-e6bc736fc8cf",
    "data": [
      {
        "text": "Urlaub beantragen",
        "userDefined": false
      }
    ],
    "isTemplate": false,
    "count": 0,
    "updated": 0
  },
  {
    "id": "a61dcbfa-27a2-48ea-88d6-d45c3dff63b7",
    "data": [
      {
        "text": "Ich brauche Urlaub",
        "userDefined": false
      }
    ],
    "isTemplate": false,
    "count": 0,
    "updated": 0
  }
]